group,puzzle_date,difficulty_emoji,order,word
state abbreviations,2023-08-12,ğŸŸ¡,1,co
state abbreviations,2023-08-12,ğŸŸ¡,2,ma
state abbreviations,2023-08-12,ğŸŸ¡,3,me
state abbreviations,2023-08-12,ğŸŸ¡,4,pa
musical notes,2023-08-12,ğŸŸ¢,1,do
musical notes,2023-08-12,ğŸŸ¢,2,fa
musical notes,2023-08-12,ğŸŸ¢,3,la
musical notes,2023-08-12,ğŸŸ¢,4,ti
greek letters,2023-08-12,ğŸ”µ,1,mu
greek letters,2023-08-12,ğŸ”µ,2,nu
greek letters,2023-08-12,ğŸ”µ,3,pi
greek letters,2023-08-12,ğŸ”µ,4,xi
periodic table symbols,2023-08-12,ğŸŸ£,1,fe
periodic table symbols,2023-08-12,ğŸŸ£,2,he
periodic table symbols,2023-08-12,ğŸŸ£,3,na
periodic table symbols,2023-08-12,ğŸŸ£,4,ni
theoretical physicists,2023-08-11,ğŸŸ¡,1,einstein
theoretical physicists,2023-08-11,ğŸŸ¡,2,feynman
theoretical physicists,2023-08-11,ğŸŸ¡,3,hawking
theoretical physicists,2023-08-11,ğŸŸ¡,4,oppenheimer
talent,2023-08-11,ğŸŸ¢,1,faculty
talent,2023-08-11,ğŸŸ¢,2,flair
talent,2023-08-11,ğŸŸ¢,3,genius
talent,2023-08-11,ğŸŸ¢,4,gift
australian terms,2023-08-11,ğŸ”µ,1,barbie
australian terms,2023-08-11,ğŸ”µ,2,bush
australian terms,2023-08-11,ğŸ”µ,3,crikey
australian terms,2023-08-11,ğŸ”µ,4,mate
___ point,2023-08-11,ğŸŸ£,1,match
___ point,2023-08-11,ğŸŸ£,2,moot
___ point,2023-08-11,ğŸŸ£,3,selling
___ point,2023-08-11,ğŸŸ£,4,west
horror franchises,2023-08-10,ğŸŸ¡,1,purge
horror franchises,2023-08-10,ğŸŸ¡,2,ring
horror franchises,2023-08-10,ğŸŸ¡,3,saw
horror franchises,2023-08-10,ğŸŸ¡,4,scream
sports venues,2023-08-10,ğŸŸ¢,1,court
sports venues,2023-08-10,ğŸŸ¢,2,diamond
sports venues,2023-08-10,ğŸŸ¢,3,field
sports venues,2023-08-10,ğŸŸ¢,4,rink
make happy,2023-08-10,ğŸ”µ,1,charm
make happy,2023-08-10,ğŸ”µ,2,delight
make happy,2023-08-10,ğŸ”µ,3,please
make happy,2023-08-10,ğŸ”µ,4,tickle
jewelry,2023-08-10,ğŸŸ£,1,anklet
jewelry,2023-08-10,ğŸŸ£,2,bangle
jewelry,2023-08-10,ğŸŸ£,3,brooch
jewelry,2023-08-10,ğŸŸ£,4,pendant
unspecified quantities,2023-08-09,ğŸŸ¡,1,few
unspecified quantities,2023-08-09,ğŸŸ¡,2,handful
unspecified quantities,2023-08-09,ğŸŸ¡,3,several
unspecified quantities,2023-08-09,ğŸŸ¡,4,some
celestial objects,2023-08-09,ğŸŸ¢,1,asteroid
celestial objects,2023-08-09,ğŸŸ¢,2,comet
celestial objects,2023-08-09,ğŸŸ¢,3,moon
celestial objects,2023-08-09,ğŸŸ¢,4,planet
newspapers,2023-08-09,ğŸ”µ,1,globe
newspapers,2023-08-09,ğŸ”µ,2,journal
newspapers,2023-08-09,ğŸ”µ,3,post
newspapers,2023-08-09,ğŸ”µ,4,sun
fruit homophones,2023-08-09,ğŸŸ£,1,lyme
fruit homophones,2023-08-09,ğŸŸ£,2,mellon
fruit homophones,2023-08-09,ğŸŸ£,3,pair
fruit homophones,2023-08-09,ğŸŸ£,4,plumb
arachnids,2023-08-08,ğŸŸ¡,1,mite
arachnids,2023-08-08,ğŸŸ¡,2,scorpion
arachnids,2023-08-08,ğŸŸ¡,3,spider
arachnids,2023-08-08,ğŸŸ¡,4,tick
fish,2023-08-08,ğŸŸ¢,1,char
fish,2023-08-08,ğŸŸ¢,2,eel
fish,2023-08-08,ğŸŸ¢,3,perch
fish,2023-08-08,ğŸŸ¢,4,shark
superheroes,2023-08-08,ğŸ”µ,1,black widow
superheroes,2023-08-08,ğŸ”µ,2,blade
superheroes,2023-08-08,ğŸ”µ,3,flash
superheroes,2023-08-08,ğŸ”µ,4,storm
mtv shows,2023-08-08,ğŸŸ£,1,catfish
mtv shows,2023-08-08,ğŸŸ£,2,cribs
mtv shows,2023-08-08,ğŸŸ£,3,jackass
mtv shows,2023-08-08,ğŸŸ£,4,state
movie genres,2023-08-07,ğŸŸ¡,1,horror
movie genres,2023-08-07,ğŸŸ¡,2,musical
movie genres,2023-08-07,ğŸŸ¡,3,romance
movie genres,2023-08-07,ğŸŸ¡,4,western
patterns,2023-08-07,ğŸŸ¢,1,houndstooth
patterns,2023-08-07,ğŸŸ¢,2,paisley
patterns,2023-08-07,ğŸŸ¢,3,plaid
patterns,2023-08-07,ğŸŸ¢,4,stripes
synonyms for falsehood,2023-08-07,ğŸ”µ,1,fib
synonyms for falsehood,2023-08-07,ğŸ”µ,2,fiction
synonyms for falsehood,2023-08-07,ğŸ”µ,3,lie
synonyms for falsehood,2023-08-07,ğŸ”µ,4,tale
candy pieces,2023-08-07,ğŸŸ£,1,dot
candy pieces,2023-08-07,ğŸŸ£,2,goober
candy pieces,2023-08-07,ğŸŸ£,3,kiss
candy pieces,2023-08-07,ğŸŸ£,4,whopper
classic arcade games,2023-08-06,ğŸŸ¡,1,asteroids
classic arcade games,2023-08-06,ğŸŸ¡,2,breakout
classic arcade games,2023-08-06,ğŸŸ¡,3,frogger
classic arcade games,2023-08-06,ğŸŸ¡,4,pong
dances,2023-08-06,ğŸŸ¢,1,hustle
dances,2023-08-06,ğŸŸ¢,2,salsa
dances,2023-08-06,ğŸŸ¢,3,swing
dances,2023-08-06,ğŸŸ¢,4,tango
touchscreen gestures,2023-08-06,ğŸ”µ,1,pinch
touchscreen gestures,2023-08-06,ğŸ”µ,2,spread
touchscreen gestures,2023-08-06,ğŸ”µ,3,swipe
touchscreen gestures,2023-08-06,ğŸ”µ,4,tap
rappers minus numbers,2023-08-06,ğŸŸ£,1,cent
rappers minus numbers,2023-08-06,ğŸŸ£,2,chainz
rappers minus numbers,2023-08-06,ğŸŸ£,3,pac
rappers minus numbers,2023-08-06,ğŸŸ£,4,savage
classic toys,2023-08-05,ğŸŸ¡,1,blocks
classic toys,2023-08-05,ğŸŸ¡,2,doll
classic toys,2023-08-05,ğŸŸ¡,3,top
classic toys,2023-08-05,ğŸŸ¡,4,yo-yo
words with three g's,2023-08-05,ğŸŸ¢,1,baggage
words with three g's,2023-08-05,ğŸŸ¢,2,eggnog
words with three g's,2023-08-05,ğŸŸ¢,3,giggle
words with three g's,2023-08-05,ğŸŸ¢,4,leggings
shakespeare characters,2023-08-05,ğŸ”µ,1,duncan
shakespeare characters,2023-08-05,ğŸ”µ,2,juliet
shakespeare characters,2023-08-05,ğŸ”µ,3,puck
shakespeare characters,2023-08-05,ğŸ”µ,4,viola
___ stick,2023-08-05,ğŸŸ£,1,fish
___ stick,2023-08-05,ğŸŸ£,2,hockey
___ stick,2023-08-05,ğŸŸ£,3,memory
___ stick,2023-08-05,ğŸŸ£,4,selfie
places for worship,2023-08-04,ğŸŸ¡,1,altar
places for worship,2023-08-04,ğŸŸ¡,2,reliquary
places for worship,2023-08-04,ğŸŸ¡,3,shrine
places for worship,2023-08-04,ğŸŸ¡,4,temple
cartoon cats,2023-08-04,ğŸŸ¢,1,felix
cartoon cats,2023-08-04,ğŸŸ¢,2,garfield
cartoon cats,2023-08-04,ğŸŸ¢,3,sylvester
cartoon cats,2023-08-04,ğŸŸ¢,4,tom
presidential first names,2023-08-04,ğŸ”µ,1,calvin
presidential first names,2023-08-04,ğŸ”µ,2,chester
presidential first names,2023-08-04,ğŸ”µ,3,grover
presidential first names,2023-08-04,ğŸ”µ,4,harry
___ road,2023-08-04,ğŸŸ£,1,abbey
___ road,2023-08-04,ğŸŸ£,2,high
___ road,2023-08-04,ğŸŸ£,3,rocky
___ road,2023-08-04,ğŸŸ£,4,silk
animal group names,2023-08-03,ğŸŸ¡,1,colony
animal group names,2023-08-03,ğŸŸ¡,2,herd
animal group names,2023-08-03,ğŸŸ¡,3,pride
animal group names,2023-08-03,ğŸŸ¡,4,swarm
stoned,2023-08-03,ğŸŸ¢,1,baked
stoned,2023-08-03,ğŸŸ¢,2,blazed
stoned,2023-08-03,ğŸŸ¢,3,high
stoned,2023-08-03,ğŸŸ¢,4,lit
ap classes,2023-08-03,ğŸ”µ,1,bio
ap classes,2023-08-03,ğŸ”µ,2,chem
ap classes,2023-08-03,ğŸ”µ,3,gov
ap classes,2023-08-03,ğŸ”µ,4,stats
taxonomy ranks,2023-08-03,ğŸŸ£,1,class
taxonomy ranks,2023-08-03,ğŸŸ£,2,domain
taxonomy ranks,2023-08-03,ğŸŸ£,3,family
taxonomy ranks,2023-08-03,ğŸŸ£,4,order
computer equipment,2023-08-02,ğŸŸ¡,1,keyboard
computer equipment,2023-08-02,ğŸŸ¡,2,monitor
computer equipment,2023-08-02,ğŸŸ¡,3,mouse
computer equipment,2023-08-02,ğŸŸ¡,4,speaker
rodents,2023-08-02,ğŸŸ¢,1,gerbil
rodents,2023-08-02,ğŸŸ¢,2,hamster
rodents,2023-08-02,ğŸŸ¢,3,rat
rodents,2023-08-02,ğŸŸ¢,4,vole
musical instruments,2023-08-02,ğŸ”µ,1,harp
musical instruments,2023-08-02,ğŸ”µ,2,horn
musical instruments,2023-08-02,ğŸ”µ,3,organ
musical instruments,2023-08-02,ğŸ”µ,4,triangle
synonyms for complain,2023-08-02,ğŸŸ£,1,carp
synonyms for complain,2023-08-02,ğŸŸ£,2,gripe
synonyms for complain,2023-08-02,ğŸŸ£,3,grouse
synonyms for complain,2023-08-02,ğŸŸ£,4,moan
long sandwiches,2023-08-01,ğŸŸ¡,1,hero
long sandwiches,2023-08-01,ğŸŸ¡,2,hoagie
long sandwiches,2023-08-01,ğŸŸ¡,3,grinder
long sandwiches,2023-08-01,ğŸŸ¡,4,sub
dating apps,2023-08-01,ğŸŸ¢,1,bumble
dating apps,2023-08-01,ğŸŸ¢,2,hinge
dating apps,2023-08-01,ğŸŸ¢,3,match
dating apps,2023-08-01,ğŸŸ¢,4,tinder
vampire movies,2023-08-01,ğŸ”µ,1,blade
vampire movies,2023-08-01,ğŸ”µ,2,lost boys
vampire movies,2023-08-01,ğŸ”µ,3,near dark
vampire movies,2023-08-01,ğŸ”µ,4,twilight
adams,2023-08-01,ğŸŸ£,1,ant
adams,2023-08-01,ğŸŸ£,2,driver
adams,2023-08-01,ğŸŸ£,3,scott
adams,2023-08-01,ğŸŸ£,4,west
units of length,2023-07-31,ğŸŸ¡,1,foot
units of length,2023-07-31,ğŸŸ¡,2,inch
units of length,2023-07-31,ğŸŸ¡,3,mile
units of length,2023-07-31,ğŸŸ¡,4,yard
types of paint,2023-07-31,ğŸŸ¢,1,acrylic
types of paint,2023-07-31,ğŸŸ¢,2,oil
types of paint,2023-07-31,ğŸŸ¢,3,tempera
types of paint,2023-07-31,ğŸŸ¢,4,watercolor
deep-fried food,2023-07-31,ğŸ”µ,1,falafel
deep-fried food,2023-07-31,ğŸ”µ,2,katsu
deep-fried food,2023-07-31,ğŸ”µ,3,samosa
deep-fried food,2023-07-31,ğŸ”µ,4,schnitzel
starts of u.s. coins,2023-07-31,ğŸŸ£,1,dim
starts of u.s. coins,2023-07-31,ğŸŸ£,2,nick
starts of u.s. coins,2023-07-31,ğŸŸ£,3,pen
starts of u.s. coins,2023-07-31,ğŸŸ£,4,quart
relatives,2023-07-30,ğŸŸ¡,1,aunt
relatives,2023-07-30,ğŸŸ¡,2,cousin
relatives,2023-07-30,ğŸŸ¡,3,mother
relatives,2023-07-30,ğŸŸ¡,4,nephew
synonyms for offbeat,2023-07-30,ğŸŸ¢,1,daffy
synonyms for offbeat,2023-07-30,ğŸŸ¢,2,kooky
synonyms for offbeat,2023-07-30,ğŸŸ¢,3,quirky
synonyms for offbeat,2023-07-30,ğŸŸ¢,4,wacky
disney ducks,2023-07-30,ğŸ”µ,1,daisy
disney ducks,2023-07-30,ğŸ”µ,2,dewey
disney ducks,2023-07-30,ğŸ”µ,3,donald
disney ducks,2023-07-30,ğŸ”µ,4,scrooge
___ clock,2023-07-30,ğŸŸ£,1,alarm
___ clock,2023-07-30,ğŸŸ£,2,biological
___ clock,2023-07-30,ğŸŸ£,3,cuckoo
___ clock,2023-07-30,ğŸŸ£,4,grandfather
fabrics,2023-07-29,ğŸŸ¡,1,corduroy
fabrics,2023-07-29,ğŸŸ¡,2,denim
fabrics,2023-07-29,ğŸŸ¡,3,linen
fabrics,2023-07-29,ğŸŸ¡,4,tweed
apparitions,2023-07-29,ğŸŸ¢,1,ghost
apparitions,2023-07-29,ğŸŸ¢,2,phantom
apparitions,2023-07-29,ğŸŸ¢,3,specter
apparitions,2023-07-29,ğŸŸ¢,4,spirit
synonyms for bother,2023-07-29,ğŸ”µ,1,needle
synonyms for bother,2023-07-29,ğŸ”µ,2,poke
synonyms for bother,2023-07-29,ğŸ”µ,3,rib
synonyms for bother,2023-07-29,ğŸ”µ,4,tease
disney characters,2023-07-29,ğŸŸ£,1,beast
disney characters,2023-07-29,ğŸŸ£,2,genie
disney characters,2023-07-29,ğŸŸ£,3,scar
disney characters,2023-07-29,ğŸŸ£,4,stitch
biomes,2023-07-28,ğŸŸ¡,1,desert
biomes,2023-07-28,ğŸŸ¡,2,forest
biomes,2023-07-28,ğŸŸ¡,3,grassland
biomes,2023-07-28,ğŸŸ¡,4,tundra
lizards,2023-07-28,ğŸŸ¢,1,chameleon
lizards,2023-07-28,ğŸŸ¢,2,gecko
lizards,2023-07-28,ğŸŸ¢,3,iguana
lizards,2023-07-28,ğŸŸ¢,4,monitor
yoga poses,2023-07-28,ğŸ”µ,1,cobra
yoga poses,2023-07-28,ğŸ”µ,2,lotus
yoga poses,2023-07-28,ğŸ”µ,3,tree
yoga poses,2023-07-28,ğŸ”µ,4,warrior
dances when doubled,2023-07-28,ğŸŸ£,1,can
dances when doubled,2023-07-28,ğŸŸ£,2,cha
dances when doubled,2023-07-28,ğŸŸ£,3,go
dances when doubled,2023-07-28,ğŸŸ£,4,nae
movie title cities,2023-07-27,ğŸŸ¡,1,chicago
movie title cities,2023-07-27,ğŸŸ¡,2,munich
movie title cities,2023-07-27,ğŸŸ¡,3,philadelphia
movie title cities,2023-07-27,ğŸŸ¡,4,rio
fashion magazines,2023-07-27,ğŸŸ¢,1,allure
fashion magazines,2023-07-27,ğŸŸ¢,2,elle
fashion magazines,2023-07-27,ğŸŸ¢,3,glamour
fashion magazines,2023-07-27,ğŸŸ¢,4,w
storms,2023-07-27,ğŸ”µ,1,blizzard
storms,2023-07-27,ğŸ”µ,2,cyclone
storms,2023-07-27,ğŸ”µ,3,squall
storms,2023-07-27,ğŸ”µ,4,tornado
cocktails,2023-07-27,ğŸŸ£,1,cosmopolitan
cocktails,2023-07-27,ğŸŸ£,2,hurricane
cocktails,2023-07-27,ğŸŸ£,3,manhattan
cocktails,2023-07-27,ğŸŸ£,4,screwdriver
modes of transportation,2023-07-26,ğŸŸ¡,1,boat
modes of transportation,2023-07-26,ğŸŸ¡,2,car
modes of transportation,2023-07-26,ğŸŸ¡,3,plane
modes of transportation,2023-07-26,ğŸŸ¡,4,train
nba players,2023-07-26,ğŸŸ¢,1,king
nba players,2023-07-26,ğŸŸ¢,2,magic
nba players,2023-07-26,ğŸŸ¢,3,sun
nba players,2023-07-26,ğŸŸ¢,4,thunder
fast food chains,2023-07-26,ğŸ”µ,1,checkers
fast food chains,2023-07-26,ğŸ”µ,2,outback
fast food chains,2023-07-26,ğŸ”µ,3,sonic
fast food chains,2023-07-26,ğŸ”µ,4,subway
band names minus colors,2023-07-26,ğŸŸ£,1,day
band names minus colors,2023-07-26,ğŸŸ£,2,floyd
band names minus colors,2023-07-26,ğŸŸ£,3,sabbath
band names minus colors,2023-07-26,ğŸŸ£,4,stripes
states of matter,2023-07-25,ğŸŸ¡,1,gas
states of matter,2023-07-25,ğŸŸ¡,2,liquid
states of matter,2023-07-25,ğŸŸ¡,3,plasma
states of matter,2023-07-25,ğŸŸ¡,4,solid
edit menu commands,2023-07-25,ğŸŸ¢,1,copy
edit menu commands,2023-07-25,ğŸŸ¢,2,cut
edit menu commands,2023-07-25,ğŸŸ¢,3,paste
edit menu commands,2023-07-25,ğŸŸ¢,4,undo
defeat badly,2023-07-25,ğŸ”µ,1,crush
defeat badly,2023-07-25,ğŸ”µ,2,rout
defeat badly,2023-07-25,ğŸ”µ,3,shellac
defeat badly,2023-07-25,ğŸ”µ,4,trash
anagrams,2023-07-25,ğŸŸ£,1,least
anagrams,2023-07-25,ğŸŸ£,2,slate
anagrams,2023-07-25,ğŸŸ£,3,stale
anagrams,2023-07-25,ğŸŸ£,4,tesla
synonyms for angry,2023-07-24,ğŸŸ¡,1,furious
synonyms for angry,2023-07-24,ğŸŸ¡,2,incensed
synonyms for angry,2023-07-24,ğŸŸ¡,3,irate
synonyms for angry,2023-07-24,ğŸŸ¡,4,livid
things that are yellow,2023-07-24,ğŸŸ¢,1,banana
things that are yellow,2023-07-24,ğŸŸ¢,2,canary
things that are yellow,2023-07-24,ğŸŸ¢,3,school bus
things that are yellow,2023-07-24,ğŸŸ¢,4,sunflower
marine birds,2023-07-24,ğŸ”µ,1,booby
marine birds,2023-07-24,ğŸ”µ,2,gull
marine birds,2023-07-24,ğŸ”µ,3,pelican
marine birds,2023-07-24,ğŸ”µ,4,puffin
___ boys,2023-07-24,ğŸŸ£,1,beach
___ boys,2023-07-24,ğŸŸ£,2,beastie
___ boys,2023-07-24,ğŸŸ£,3,hardy
___ boys,2023-07-24,ğŸŸ£,4,lost
scuba gear,2023-07-23,ğŸŸ¡,1,fins
scuba gear,2023-07-23,ğŸŸ¡,2,mask
scuba gear,2023-07-23,ğŸŸ¡,3,snorkel
scuba gear,2023-07-23,ğŸŸ¡,4,tank
punctuation marks,2023-07-23,ğŸŸ¢,1,colon
punctuation marks,2023-07-23,ğŸŸ¢,2,comma
punctuation marks,2023-07-23,ğŸŸ¢,3,hyphen
punctuation marks,2023-07-23,ğŸŸ¢,4,period
run quickly,2023-07-23,ğŸ”µ,1,bolt
run quickly,2023-07-23,ğŸ”µ,2,dash
run quickly,2023-07-23,ğŸ”µ,3,race
run quickly,2023-07-23,ğŸ”µ,4,sprint
___ cat,2023-07-23,ğŸŸ£,1,doja
___ cat,2023-07-23,ğŸŸ£,2,fat
___ cat,2023-07-23,ğŸŸ£,3,house
___ cat,2023-07-23,ğŸŸ£,4,jungle
bottled water brands,2023-07-22,ğŸŸ¡,1,dasani
bottled water brands,2023-07-22,ğŸŸ¡,2,evian
bottled water brands,2023-07-22,ğŸŸ¡,3,fiji
bottled water brands,2023-07-22,ğŸŸ¡,4,voss
slang for coffee,2023-07-22,ğŸŸ¢,1,brew
slang for coffee,2023-07-22,ğŸŸ¢,2,java
slang for coffee,2023-07-22,ğŸŸ¢,3,joe
slang for coffee,2023-07-22,ğŸŸ¢,4,mud
island countries,2023-07-22,ğŸ”µ,1,cuba
island countries,2023-07-22,ğŸ”µ,2,japan
island countries,2023-07-22,ğŸ”µ,3,malta
island countries,2023-07-22,ğŸ”µ,4,palau
cereal mascots,2023-07-22,ğŸŸ£,1,lucky
cereal mascots,2023-07-22,ğŸŸ£,2,pop
cereal mascots,2023-07-22,ğŸŸ£,3,sam
cereal mascots,2023-07-22,ğŸŸ£,4,tony
woodwinds,2023-07-21,ğŸŸ¡,1,bassoon
woodwinds,2023-07-21,ğŸŸ¡,2,clarinet
woodwinds,2023-07-21,ğŸŸ¡,3,flute
woodwinds,2023-07-21,ğŸŸ¡,4,oboe
coverings,2023-07-21,ğŸŸ¢,1,cap
coverings,2023-07-21,ğŸŸ¢,2,cover
coverings,2023-07-21,ğŸŸ¢,3,lid
coverings,2023-07-21,ğŸŸ¢,4,top
sunglasses,2023-07-21,ğŸ”µ,1,aviator
sunglasses,2023-07-21,ğŸ”µ,2,cat eye
sunglasses,2023-07-21,ğŸ”µ,3,wayfarer
sunglasses,2023-07-21,ğŸ”µ,4,wraparound
seals,2023-07-21,ğŸŸ£,1,harbor
seals,2023-07-21,ğŸŸ£,2,harp
seals,2023-07-21,ğŸŸ£,3,hooded
seals,2023-07-21,ğŸŸ£,4,monk
timekeeping devices,2023-07-20,ğŸŸ¡,1,clock
timekeeping devices,2023-07-20,ğŸŸ¡,2,hourglass
timekeeping devices,2023-07-20,ğŸŸ¡,3,sundial
timekeeping devices,2023-07-20,ğŸŸ¡,4,watch
hairstyles,2023-07-20,ğŸŸ¢,1,bob
hairstyles,2023-07-20,ğŸŸ¢,2,crop
hairstyles,2023-07-20,ğŸŸ¢,3,pixie
hairstyles,2023-07-20,ğŸŸ¢,4,shag
units of measure,2023-07-20,ğŸ”µ,1,hertz
units of measure,2023-07-20,ğŸ”µ,2,mole
units of measure,2023-07-20,ğŸ”µ,3,newton
units of measure,2023-07-20,ğŸ”µ,4,second
dr. ___,2023-07-20,ğŸŸ£,1,evil
dr. ___,2023-07-20,ğŸŸ£,2,j
dr. ___,2023-07-20,ğŸŸ£,3,no
dr. ___,2023-07-20,ğŸŸ£,4,pepper
trees,2023-07-19,ğŸŸ¡,1,ash
trees,2023-07-19,ğŸŸ¡,2,cedar
trees,2023-07-19,ğŸŸ¡,3,maple
trees,2023-07-19,ğŸŸ¡,4,pine
land formations,2023-07-19,ğŸŸ¢,1,hill
land formations,2023-07-19,ğŸŸ¢,2,mountain
land formations,2023-07-19,ğŸŸ¢,3,plateau
land formations,2023-07-19,ğŸŸ¢,4,valley
bagel flavors,2023-07-19,ğŸ”µ,1,everything
bagel flavors,2023-07-19,ğŸ”µ,2,onion
bagel flavors,2023-07-19,ğŸ”µ,3,plain
bagel flavors,2023-07-19,ğŸ”µ,4,poppy
streets on screen,2023-07-19,ğŸŸ£,1,elm
streets on screen,2023-07-19,ğŸŸ£,2,fear
streets on screen,2023-07-19,ğŸŸ£,3,jump
streets on screen,2023-07-19,ğŸŸ£,4,sesame
marine mammals,2023-07-18,ğŸŸ¡,1,dolphin
marine mammals,2023-07-18,ğŸŸ¡,2,manatee
marine mammals,2023-07-18,ğŸŸ¡,3,otter
marine mammals,2023-07-18,ğŸŸ¡,4,seal
bike parts,2023-07-18,ğŸŸ¢,1,brake
bike parts,2023-07-18,ğŸŸ¢,2,chain
bike parts,2023-07-18,ğŸŸ¢,3,saddle
bike parts,2023-07-18,ğŸŸ¢,4,spoke
synonyms for sell,2023-07-18,ğŸ”µ,1,hawk
synonyms for sell,2023-07-18,ğŸ”µ,2,move
synonyms for sell,2023-07-18,ğŸ”µ,3,peddle
synonyms for sell,2023-07-18,ğŸ”µ,4,vend
"countries when ""a"" is added",2023-07-18,ğŸŸ£,1,chin
"countries when ""a"" is added",2023-07-18,ğŸŸ£,2,cub
"countries when ""a"" is added",2023-07-18,ğŸŸ£,3,malt
"countries when ""a"" is added",2023-07-18,ğŸŸ£,4,tong
marsupials,2023-07-17,ğŸŸ¡,1,kangaroo
marsupials,2023-07-17,ğŸŸ¡,2,koala
marsupials,2023-07-17,ğŸŸ¡,3,wallaby
marsupials,2023-07-17,ğŸŸ¡,4,wombat
chocolate bars,2023-07-17,ğŸŸ¢,1,chunky
chocolate bars,2023-07-17,ğŸŸ¢,2,crunch
chocolate bars,2023-07-17,ğŸŸ¢,3,mars
chocolate bars,2023-07-17,ğŸŸ¢,4,mounds
slang for money,2023-07-17,ğŸ”µ,1,cheddar
slang for money,2023-07-17,ğŸ”µ,2,dough
slang for money,2023-07-17,ğŸ”µ,3,paper
slang for money,2023-07-17,ğŸ”µ,4,stacks
naked ___,2023-07-17,ğŸŸ£,1,eye
naked ___,2023-07-17,ğŸŸ£,2,gun
naked ___,2023-07-17,ğŸŸ£,3,mole rat
naked ___,2023-07-17,ğŸŸ£,4,truth
u.s. coins,2023-07-16,ğŸŸ¡,1,dime
u.s. coins,2023-07-16,ğŸŸ¡,2,nickel
u.s. coins,2023-07-16,ğŸŸ¡,3,penny
u.s. coins,2023-07-16,ğŸŸ¡,4,quarter
metal elements,2023-07-16,ğŸŸ¢,1,iron
metal elements,2023-07-16,ğŸŸ¢,2,lead
metal elements,2023-07-16,ğŸŸ¢,3,tin
metal elements,2023-07-16,ğŸŸ¢,4,zinc
lucky charms marshmallows,2023-07-16,ğŸ”µ,1,clover
lucky charms marshmallows,2023-07-16,ğŸ”µ,2,horseshoe
lucky charms marshmallows,2023-07-16,ğŸ”µ,3,moon
lucky charms marshmallows,2023-07-16,ğŸ”µ,4,rainbow
__ and ___,2023-07-16,ğŸŸ£,1,again
__ and ___,2023-07-16,ğŸŸ£,2,half
__ and ___,2023-07-16,ğŸŸ£,3,neck
__ and ___,2023-07-16,ğŸŸ£,4,so
pleasant smells,2023-07-15,ğŸŸ¡,1,aroma
pleasant smells,2023-07-15,ğŸŸ¡,2,bouquet
pleasant smells,2023-07-15,ğŸŸ¡,3,fragrance
pleasant smells,2023-07-15,ğŸŸ¡,4,scent
music genres,2023-07-15,ğŸŸ¢,1,blues
music genres,2023-07-15,ğŸŸ¢,2,country
music genres,2023-07-15,ğŸŸ¢,3,funk
music genres,2023-07-15,ğŸŸ¢,4,soul
"rock paper, scissors",2023-07-15,ğŸ”µ,1,paper
"rock paper, scissors",2023-07-15,ğŸ”µ,2,rock
"rock paper, scissors",2023-07-15,ğŸ”µ,3,scissors
"rock paper, scissors",2023-07-15,ğŸ”µ,4,shoot
male animals,2023-07-15,ğŸŸ£,1,boar
male animals,2023-07-15,ğŸŸ£,2,buck
male animals,2023-07-15,ğŸŸ£,3,bull
male animals,2023-07-15,ğŸŸ£,4,jack
boats,2023-07-14,ğŸŸ¡,1,ferry
boats,2023-07-14,ğŸŸ¡,2,junk
boats,2023-07-14,ğŸŸ¡,3,tug
boats,2023-07-14,ğŸŸ¡,4,yacht
sandwiches,2023-07-14,ğŸŸ¢,1,club
sandwiches,2023-07-14,ğŸŸ¢,2,cuban
sandwiches,2023-07-14,ğŸŸ¢,3,melt
sandwiches,2023-07-14,ğŸŸ¢,4,sub
cuts of beef,2023-07-14,ğŸ”µ,1,flank
cuts of beef,2023-07-14,ğŸ”µ,2,loin
cuts of beef,2023-07-14,ğŸ”µ,3,round
cuts of beef,2023-07-14,ğŸ”µ,4,shank
nicknames that are verbs,2023-07-14,ğŸŸ£,1,chuck
nicknames that are verbs,2023-07-14,ğŸŸ£,2,josh
nicknames that are verbs,2023-07-14,ğŸŸ£,3,rob
nicknames that are verbs,2023-07-14,ğŸŸ£,4,sue
shoe parts,2023-07-13,ğŸŸ¡,1,heel
shoe parts,2023-07-13,ğŸŸ¡,2,lace
shoe parts,2023-07-13,ğŸŸ¡,3,sole
shoe parts,2023-07-13,ğŸŸ¡,4,tongue
board games,2023-07-13,ğŸŸ¢,1,clue
board games,2023-07-13,ğŸŸ¢,2,risk
board games,2023-07-13,ğŸŸ¢,3,sorry
board games,2023-07-13,ğŸŸ¢,4,trouble
fictional spies,2023-07-13,ğŸ”µ,1,bond
fictional spies,2023-07-13,ğŸ”µ,2,hunt
fictional spies,2023-07-13,ğŸ”µ,3,ryan
fictional spies,2023-07-13,ğŸ”µ,4,smart
rubber ___,2023-07-13,ğŸŸ£,1,band
rubber ___,2023-07-13,ğŸŸ£,2,cement
rubber ___,2023-07-13,ğŸŸ£,3,duckie
rubber ___,2023-07-13,ğŸŸ£,4,soul
vegetables that are also fruits,2023-07-12,ğŸŸ¡,1,cucumber
vegetables that are also fruits,2023-07-12,ğŸŸ¡,2,eggplant
vegetables that are also fruits,2023-07-12,ğŸŸ¡,3,pepper
vegetables that are also fruits,2023-07-12,ğŸŸ¡,4,tomato
3-d shapes,2023-07-12,ğŸŸ¢,1,cone
3-d shapes,2023-07-12,ğŸŸ¢,2,cube
3-d shapes,2023-07-12,ğŸŸ¢,3,pyramid
3-d shapes,2023-07-12,ğŸŸ¢,4,sphere
"words with ""i""",2023-07-12,ğŸ”µ,1,mac
"words with ""i""",2023-07-12,ğŸ”µ,2,pad
"words with ""i""",2023-07-12,ğŸ”µ,3,phone
"words with ""i""",2023-07-12,ğŸ”µ,4,pod
words with two pronunciations,2023-07-12,ğŸŸ£,1,job
words with two pronunciations,2023-07-12,ğŸŸ£,2,lima
words with two pronunciations,2023-07-12,ğŸŸ£,3,mobile
words with two pronunciations,2023-07-12,ğŸŸ£,4,polish
nfl players,2023-07-11,ğŸŸ¡,1,bronco
nfl players,2023-07-11,ğŸŸ¡,2,cowboy
nfl players,2023-07-11,ğŸŸ¡,3,packer
nfl players,2023-07-11,ğŸŸ¡,4,raven
pasta shapes,2023-07-11,ğŸŸ¢,1,bowtie
pasta shapes,2023-07-11,ğŸŸ¢,2,elbow
pasta shapes,2023-07-11,ğŸŸ¢,3,shell
pasta shapes,2023-07-11,ğŸŸ¢,4,spiral
joints,2023-07-11,ğŸ”µ,1,hip
joints,2023-07-11,ğŸ”µ,2,knee
joints,2023-07-11,ğŸ”µ,3,shoulder
joints,2023-07-11,ğŸ”µ,4,wrist
"movies with ""!""",2023-07-11,ğŸŸ£,1,airplane
"movies with ""!""",2023-07-11,ğŸŸ£,2,mother
"movies with ""!""",2023-07-11,ğŸŸ£,3,oklahoma
"movies with ""!""",2023-07-11,ğŸŸ£,4,them
winged insects,2023-07-10,ğŸŸ¡,1,fly
winged insects,2023-07-10,ğŸŸ¡,2,gnat
winged insects,2023-07-10,ğŸŸ¡,3,moth
winged insects,2023-07-10,ğŸŸ¡,4,wasp
arithmetic operations,2023-07-10,ğŸŸ¢,1,add
arithmetic operations,2023-07-10,ğŸŸ¢,2,divide
arithmetic operations,2023-07-10,ğŸŸ¢,3,multiply
arithmetic operations,2023-07-10,ğŸŸ¢,4,subtract
fish,2023-07-10,ğŸ”µ,1,tang
fish,2023-07-10,ğŸ”µ,2,tetra
fish,2023-07-10,ğŸ”µ,3,skate
fish,2023-07-10,ğŸ”µ,4,sole
___ cat,2023-07-10,ğŸŸ£,1,alley
___ cat,2023-07-10,ğŸŸ£,2,cool
___ cat,2023-07-10,ğŸŸ£,3,copy
___ cat,2023-07-10,ğŸŸ£,4,lap
seven dwarfs,2023-07-09,ğŸŸ¡,1,bashful
seven dwarfs,2023-07-09,ğŸŸ¡,2,doc
seven dwarfs,2023-07-09,ğŸŸ¡,3,grumpy
seven dwarfs,2023-07-09,ğŸŸ¡,4,happy
file extensions,2023-07-09,ğŸŸ¢,1,gif
file extensions,2023-07-09,ğŸŸ¢,2,pdf
file extensions,2023-07-09,ğŸŸ¢,3,tiff
file extensions,2023-07-09,ğŸŸ¢,4,zip
flightless birds,2023-07-09,ğŸ”µ,1,emu
flightless birds,2023-07-09,ğŸ”µ,2,kiwi
flightless birds,2023-07-09,ğŸ”µ,3,ostrich
flightless birds,2023-07-09,ğŸ”µ,4,penguin
tropical fruits,2023-07-09,ğŸŸ£,1,banana
tropical fruits,2023-07-09,ğŸŸ£,2,coconut
tropical fruits,2023-07-09,ğŸŸ£,3,mango
tropical fruits,2023-07-09,ğŸŸ£,4,pineapple
hats,2023-07-08,ğŸŸ¡,1,beret
hats,2023-07-08,ğŸŸ¡,2,bowler
hats,2023-07-08,ğŸŸ¡,3,fedora
hats,2023-07-08,ğŸŸ¡,4,fez
organs,2023-07-08,ğŸŸ¢,1,heart
organs,2023-07-08,ğŸŸ¢,2,kidney
organs,2023-07-08,ğŸŸ¢,3,liver
organs,2023-07-08,ğŸŸ¢,4,lung
parts of a book,2023-07-08,ğŸ”µ,1,cover
parts of a book,2023-07-08,ğŸ”µ,2,jacket
parts of a book,2023-07-08,ğŸ”µ,3,page
parts of a book,2023-07-08,ğŸ”µ,4,spine
jack ___,2023-07-08,ğŸŸ£,1,ass
jack ___,2023-07-08,ğŸŸ£,2,knife
jack ___,2023-07-08,ğŸŸ£,3,pot
jack ___,2023-07-08,ğŸŸ£,4,rabbit
european countries,2023-07-07,ğŸŸ¡,1,denmark
european countries,2023-07-07,ğŸŸ¡,2,greece
european countries,2023-07-07,ğŸŸ¡,3,poland
european countries,2023-07-07,ğŸŸ¡,4,portugal
synonyms for imitate,2023-07-07,ğŸŸ¢,1,copy
synonyms for imitate,2023-07-07,ğŸŸ¢,2,echo
synonyms for imitate,2023-07-07,ğŸŸ¢,3,mimic
synonyms for imitate,2023-07-07,ğŸŸ¢,4,parrot
toms,2023-07-07,ğŸ”µ,1,cruise
toms,2023-07-07,ğŸ”µ,2,holland
toms,2023-07-07,ğŸ”µ,3,petty
toms,2023-07-07,ğŸ”µ,4,waits
words spelled with roman numerals,2023-07-07,ğŸŸ£,1,dill
words spelled with roman numerals,2023-07-07,ğŸŸ£,2,livid
words spelled with roman numerals,2023-07-07,ğŸŸ£,3,mild
words spelled with roman numerals,2023-07-07,ğŸŸ£,4,mix
desserts,2023-07-06,ğŸŸ¡,1,cheesecake
desserts,2023-07-06,ğŸŸ¡,2,flan
desserts,2023-07-06,ğŸŸ¡,3,mousse
desserts,2023-07-06,ğŸŸ¡,4,tiramisu
mild oaths,2023-07-06,ğŸŸ¢,1,darn
mild oaths,2023-07-06,ğŸŸ¢,2,fudge
mild oaths,2023-07-06,ğŸŸ¢,3,heck
mild oaths,2023-07-06,ğŸŸ¢,4,shoot
animals with tusks,2023-07-06,ğŸ”µ,1,elephant
animals with tusks,2023-07-06,ğŸ”µ,2,hippo
animals with tusks,2023-07-06,ğŸ”µ,3,narwhal
animals with tusks,2023-07-06,ğŸ”µ,4,warthog
mustaches,2023-07-06,ğŸŸ£,1,handlebar
mustaches,2023-07-06,ğŸŸ£,2,horseshoe
mustaches,2023-07-06,ğŸŸ£,3,pencil
mustaches,2023-07-06,ğŸŸ£,4,walrus
candy bars,2023-07-05,ğŸŸ¡,1,bounty
candy bars,2023-07-05,ğŸŸ¡,2,crunch
candy bars,2023-07-05,ğŸŸ¡,3,heath
candy bars,2023-07-05,ğŸŸ¡,4,milky way
video game consoles,2023-07-05,ğŸŸ¢,1,dreamcast
video game consoles,2023-07-05,ğŸŸ¢,2,genesis
video game consoles,2023-07-05,ğŸŸ¢,3,switch
video game consoles,2023-07-05,ğŸŸ¢,4,wii
ear parts,2023-07-05,ğŸ”µ,1,anvil
ear parts,2023-07-05,ğŸ”µ,2,cochlea
ear parts,2023-07-05,ğŸ”µ,3,hammer
ear parts,2023-07-05,ğŸ”µ,4,stirrup
band names minus numbers,2023-07-05,ğŸŸ£,1,blink
band names minus numbers,2023-07-05,ğŸŸ£,2,maroon
band names minus numbers,2023-07-05,ğŸŸ£,3,sum
band names minus numbers,2023-07-05,ğŸŸ£,4,u
60s band members,2023-07-04,ğŸŸ¡,1,beach boy
60s band members,2023-07-04,ğŸŸ¡,2,beatle
60s band members,2023-07-04,ğŸŸ¡,3,byrd
60s band members,2023-07-04,ğŸŸ¡,4,monkee
dance fads,2023-07-04,ğŸŸ¢,1,dougie
dance fads,2023-07-04,ğŸŸ¢,2,macarena
dance fads,2023-07-04,ğŸŸ¢,3,mashed potato
dance fads,2023-07-04,ğŸŸ¢,4,twist
magazines,2023-07-04,ğŸ”µ,1,fortune
magazines,2023-07-04,ğŸ”µ,2,rolling stone
magazines,2023-07-04,ğŸ”µ,3,vogue
magazines,2023-07-04,ğŸ”µ,4,wired
things with links,2023-07-04,ğŸŸ£,1,chain
things with links,2023-07-04,ğŸŸ£,2,golf course
things with links,2023-07-04,ğŸŸ£,3,sausage
things with links,2023-07-04,ğŸŸ£,4,website
dog breeds,2023-07-03,ğŸŸ¡,1,boxer
dog breeds,2023-07-03,ğŸŸ¡,2,dalmatian
dog breeds,2023-07-03,ğŸŸ¡,3,husky
dog breeds,2023-07-03,ğŸŸ¡,4,poodle
animal noses,2023-07-03,ğŸŸ¢,1,beak
animal noses,2023-07-03,ğŸŸ¢,2,muzzle
animal noses,2023-07-03,ğŸŸ¢,3,snout
animal noses,2023-07-03,ğŸŸ¢,4,trunk
traffic signs,2023-07-03,ğŸ”µ,1,detour
traffic signs,2023-07-03,ğŸ”µ,2,slow
traffic signs,2023-07-03,ğŸ”µ,3,stop
traffic signs,2023-07-03,ğŸ”µ,4,yield
sound ___,2023-07-03,ğŸŸ£,1,asleep
sound ___,2023-07-03,ğŸŸ£,2,barrier
sound ___,2023-07-03,ğŸŸ£,3,bite
sound ___,2023-07-03,ğŸŸ£,4,wave
music genres,2023-07-02,ğŸŸ¡,1,jazz
music genres,2023-07-02,ğŸŸ¡,2,pop
music genres,2023-07-02,ğŸŸ¡,3,punk
music genres,2023-07-02,ğŸŸ¡,4,rap
web browsers,2023-07-02,ğŸŸ¢,1,chrome
web browsers,2023-07-02,ğŸŸ¢,2,edge
web browsers,2023-07-02,ğŸŸ¢,3,opera
web browsers,2023-07-02,ğŸŸ¢,4,safari
little women,2023-07-02,ğŸ”µ,1,amy
little women,2023-07-02,ğŸ”µ,2,beth
little women,2023-07-02,ğŸ”µ,3,jo
little women,2023-07-02,ğŸ”µ,4,meg
lil __ rappers,2023-07-02,ğŸŸ£,1,baby
lil __ rappers,2023-07-02,ğŸŸ£,2,jon
lil __ rappers,2023-07-02,ğŸŸ£,3,kim
lil __ rappers,2023-07-02,ğŸŸ£,4,wayne
grains,2023-07-01,ğŸŸ¡,1,barley
grains,2023-07-01,ğŸŸ¡,2,oat
grains,2023-07-01,ğŸŸ¡,3,rye
grains,2023-07-01,ğŸŸ¡,4,spelt
royal titles,2023-07-01,ğŸŸ¢,1,baron
royal titles,2023-07-01,ğŸŸ¢,2,earl
royal titles,2023-07-01,ğŸŸ¢,3,king
royal titles,2023-07-01,ğŸŸ¢,4,prince
universities,2023-07-01,ğŸ”µ,1,brown
universities,2023-07-01,ğŸ”µ,2,duke
universities,2023-07-01,ğŸ”µ,3,howard
universities,2023-07-01,ğŸ”µ,4,rice
best director oscar winners,2023-07-01,ğŸŸ£,1,bong
best director oscar winners,2023-07-01,ğŸŸ£,2,ford
best director oscar winners,2023-07-01,ğŸŸ£,3,lee
best director oscar winners,2023-07-01,ğŸŸ£,4,stone
off-white shades,2023-06-30,ğŸŸ¡,1,cream
off-white shades,2023-06-30,ğŸŸ¡,2,eggshell
off-white shades,2023-06-30,ğŸŸ¡,3,ivory
off-white shades,2023-06-30,ğŸŸ¡,4,vanilla
anti-vampire,2023-06-30,ğŸŸ¢,1,crucifix
anti-vampire,2023-06-30,ğŸŸ¢,2,garlic
anti-vampire,2023-06-30,ğŸŸ¢,3,mirror
anti-vampire,2023-06-30,ğŸŸ¢,4,stake
kinds of meat,2023-06-30,ğŸ”µ,1,beef
kinds of meat,2023-06-30,ğŸ”µ,2,pork
kinds of meat,2023-06-30,ğŸ”µ,3,poultry
kinds of meat,2023-06-30,ğŸ”µ,4,venison
synonyms for argument,2023-06-30,ğŸŸ£,1,row
synonyms for argument,2023-06-30,ğŸŸ£,2,quarrel
synonyms for argument,2023-06-30,ğŸŸ£,3,spat
synonyms for argument,2023-06-30,ğŸŸ£,4,tiff
muscles informally,2023-06-29,ğŸŸ¡,1,lat
muscles informally,2023-06-29,ğŸŸ¡,2,pec
muscles informally,2023-06-29,ğŸŸ¡,3,quad
muscles informally,2023-06-29,ğŸŸ¡,4,tri
awards,2023-06-29,ğŸŸ¢,1,cup
awards,2023-06-29,ğŸŸ¢,2,medal
awards,2023-06-29,ğŸŸ¢,3,ribbon
awards,2023-06-29,ğŸŸ¢,4,trophy
title tv doctors,2023-06-29,ğŸ”µ,1,grey
title tv doctors,2023-06-29,ğŸ”µ,2,house
title tv doctors,2023-06-29,ğŸ”µ,3,howser
title tv doctors,2023-06-29,ğŸ”µ,4,quinn
nfl players,2023-06-29,ğŸŸ£,1,bear
nfl players,2023-06-29,ğŸŸ£,2,bill
nfl players,2023-06-29,ğŸŸ£,3,brown
nfl players,2023-06-29,ğŸŸ£,4,commander
neckwear,2023-06-28,ğŸŸ¡,1,ascot
neckwear,2023-06-28,ğŸŸ¡,2,bolo
neckwear,2023-06-28,ğŸŸ¡,3,scarf
neckwear,2023-06-28,ğŸŸ¡,4,tie
ship directions,2023-06-28,ğŸŸ¢,1,bow
ship directions,2023-06-28,ğŸŸ¢,2,port
ship directions,2023-06-28,ğŸŸ¢,3,starboard
ship directions,2023-06-28,ğŸŸ¢,4,stern
___ triangle,2023-06-28,ğŸŸ£,1,acute
___ triangle,2023-06-28,ğŸŸ£,2,bermuda
___ triangle,2023-06-28,ğŸŸ£,3,love
___ triangle,2023-06-28,ğŸŸ£,4,right
detergents,2023-06-28,ğŸ”µ,1,all
detergents,2023-06-28,ğŸ”µ,2,era
detergents,2023-06-28,ğŸ”µ,3,gain
detergents,2023-06-28,ğŸ”µ,4,tide
coffee drinks,2023-06-27,ğŸŸ¡,1,americano
coffee drinks,2023-06-27,ğŸŸ¡,2,cappucino
coffee drinks,2023-06-27,ğŸŸ¡,3,espresso
coffee drinks,2023-06-27,ğŸŸ¡,4,latte
tree nuts,2023-06-27,ğŸŸ¢,1,almond
tree nuts,2023-06-27,ğŸŸ¢,2,pecan
tree nuts,2023-06-27,ğŸŸ¢,3,walnut
tree nuts,2023-06-27,ğŸŸ¢,4,cashew
shades of green,2023-06-27,ğŸ”µ,1,emerald
shades of green,2023-06-27,ğŸ”µ,2,forest
shades of green,2023-06-27,ğŸ”µ,3,kelly
shades of green,2023-06-27,ğŸ”µ,4,olive
mr.____,2023-06-27,ğŸŸ£,1,bean
mr.____,2023-06-27,ğŸŸ£,2,clean
mr.____,2023-06-27,ğŸŸ£,3,fox
mr.____,2023-06-27,ğŸŸ£,4,peanut
bird sounds,2023-06-26,ğŸŸ¡,1,caw
bird sounds,2023-06-26,ğŸŸ¡,2,chirp
bird sounds,2023-06-26,ğŸŸ¡,3,cluck
bird sounds,2023-06-26,ğŸŸ¡,4,tweet
colors,2023-06-26,ğŸŸ¢,1,brown
colors,2023-06-26,ğŸŸ¢,2,pink
colors,2023-06-26,ğŸŸ¢,3,turquoise
colors,2023-06-26,ğŸŸ¢,4,violet
fishing gear,2023-06-26,ğŸ”µ,1,lure
fishing gear,2023-06-26,ğŸ”µ,2,reel
fishing gear,2023-06-26,ğŸ”µ,3,rod
fishing gear,2023-06-26,ğŸ”µ,4,tackle
fictional pirates,2023-06-26,ğŸŸ£,1,hook
fictional pirates,2023-06-26,ğŸŸ£,2,jones
fictional pirates,2023-06-26,ğŸŸ£,3,silver
fictional pirates,2023-06-26,ğŸŸ£,4,sparrow
beds,2023-06-25,ğŸŸ¡,1,bunk
beds,2023-06-25,ğŸŸ¡,2,canopy
beds,2023-06-25,ğŸŸ¡,3,murphy
beds,2023-06-25,ğŸŸ¡,4,trundle
famous brothers,2023-06-25,ğŸŸ¢,1,jonas
famous brothers,2023-06-25,ğŸŸ¢,2,marx
famous brothers,2023-06-25,ğŸŸ¢,3,warner
famous brothers,2023-06-25,ğŸŸ¢,4,wright
hondas,2023-06-25,ğŸ”µ,1,accord
hondas,2023-06-25,ğŸ”µ,2,civic
hondas,2023-06-25,ğŸ”µ,3,passport
hondas,2023-06-25,ğŸ”µ,4,pilot
video game characters,2023-06-25,ğŸŸ£,1,crash
video game characters,2023-06-25,ğŸŸ£,2,link
video game characters,2023-06-25,ğŸŸ£,3,mario
video game characters,2023-06-25,ğŸŸ£,4,sonic
airlines,2023-06-24,ğŸŸ¡,1,frontier
airlines,2023-06-24,ğŸŸ¡,2,spirit
airlines,2023-06-24,ğŸŸ¡,3,united
airlines,2023-06-24,ğŸŸ¡,4,virgin
greek letters,2023-06-24,ğŸŸ¢,1,beat
greek letters,2023-06-24,ğŸŸ¢,2,chi
greek letters,2023-06-24,ğŸŸ¢,3,delta
greek letters,2023-06-24,ğŸŸ¢,4,iota
silent â€œgâ€,2023-06-24,ğŸ”µ,1,gnat
silent â€œgâ€,2023-06-24,ğŸ”µ,2,gnaw
silent â€œgâ€,2023-06-24,ğŸ”µ,3,gnocci
silent â€œgâ€,2023-06-24,ğŸ”µ,4,gnome
homophones,2023-06-24,ğŸŸ£,1,gnu
homophones,2023-06-24,ğŸŸ£,2,knew
homophones,2023-06-24,ğŸŸ£,3,new
homophones,2023-06-24,ğŸŸ£,4,nu
animal group names,2023-06-23,ğŸŸ¡,1,flock
animal group names,2023-06-23,ğŸŸ¡,2,pad
animal group names,2023-06-23,ğŸŸ¡,3,school
animal group names,2023-06-23,ğŸŸ¡,4,pod
deadly sins,2023-06-23,ğŸŸ¢,1,envy
deadly sins,2023-06-23,ğŸŸ¢,2,greed
deadly sins,2023-06-23,ğŸŸ¢,3,lust
deadly sins,2023-06-23,ğŸŸ¢,4,pride
slow animals,2023-06-23,ğŸ”µ,1,loris
slow animals,2023-06-23,ğŸ”µ,2,sloth
slow animals,2023-06-23,ğŸ”µ,3,snail
slow animals,2023-06-23,ğŸ”µ,4,tortoise
trig functions,2023-06-23,ğŸŸ£,1,cot
trig functions,2023-06-23,ğŸŸ£,2,sec
trig functions,2023-06-23,ğŸŸ£,3,sin
trig functions,2023-06-23,ğŸŸ£,4,tan
spices beginning with â€œcâ€,2023-06-22,ğŸŸ¡,1,cardamom
spices beginning with â€œcâ€,2023-06-22,ğŸŸ¡,2,clove
spices beginning with â€œcâ€,2023-06-22,ğŸŸ¡,3,coriander
spices beginning with â€œcâ€,2023-06-22,ğŸŸ¡,4,cumin
terms of endearment,2023-06-22,ğŸŸ¢,1,boo
terms of endearment,2023-06-22,ğŸŸ¢,2,honey
terms of endearment,2023-06-22,ğŸŸ¢,3,sugar
terms of endearment,2023-06-22,ğŸŸ¢,4,sweetie
things with wings,2023-06-22,ğŸ”µ,1,airplane
things with wings,2023-06-22,ğŸ”µ,2,angel
things with wings,2023-06-22,ğŸ”µ,3,bird
things with wings,2023-06-22,ğŸ”µ,4,pegasus
spice girls,2023-06-22,ğŸŸ£,1,baby
spice girls,2023-06-22,ğŸŸ£,2,ginger
spice girls,2023-06-22,ğŸŸ£,3,posh
spice girls,2023-06-22,ğŸŸ£,4,scary
fruit,2023-06-21,ğŸŸ¡,1,date
fruit,2023-06-21,ğŸŸ¡,2,kiwi
fruit,2023-06-21,ğŸŸ¡,3,lemon
fruit,2023-06-21,ğŸŸ¡,4,orange
countries,2023-06-21,ğŸŸ¢,1,chad
countries,2023-06-21,ğŸŸ¢,2,georgia
countries,2023-06-21,ğŸŸ¢,3,jordan
countries,2023-06-21,ğŸŸ¢,4,togo
birds,2023-06-21,ğŸ”µ,1,crane
birds,2023-06-21,ğŸ”µ,2,jay
birds,2023-06-21,ğŸ”µ,3,swallow
birds,2023-06-21,ğŸ”µ,4,turkey
zodiac symbols,2023-06-21,ğŸŸ£,1,fish
zodiac symbols,2023-06-21,ğŸŸ£,2,goat
zodiac symbols,2023-06-21,ğŸŸ£,3,scales
zodiac symbols,2023-06-21,ğŸŸ£,4,twins
sports,2023-06-20,ğŸŸ¡,1,cricket
sports,2023-06-20,ğŸŸ¡,2,fencing
sports,2023-06-20,ğŸŸ¡,3,polo
sports,2023-06-20,ğŸŸ¡,4,squash
tops,2023-06-20,ğŸŸ¢,1,cami
tops,2023-06-20,ğŸŸ¢,2,halter
tops,2023-06-20,ğŸŸ¢,3,tank
tops,2023-06-20,ğŸŸ¢,4,tee
vegetables,2023-06-20,ğŸ”µ,1,beet
vegetables,2023-06-20,ğŸ”µ,2,carrot
vegetables,2023-06-20,ğŸ”µ,3,corn
vegetables,2023-06-20,ğŸ”µ,4,onion
insects,2023-06-20,ğŸŸ£,1,ant
insects,2023-06-20,ğŸŸ£,2,beetle
insects,2023-06-20,ğŸŸ£,3,mantis
insects,2023-06-20,ğŸŸ£,4,termite
board games,2023-06-19,ğŸŸ¡,1,backgammon
board games,2023-06-19,ğŸŸ¡,2,checkers
board games,2023-06-19,ğŸŸ¡,3,chess
board games,2023-06-19,ğŸŸ¡,4,go
things that are red,2023-06-19,ğŸ”µ,1,cherry
things that are red,2023-06-19,ğŸ”µ,2,fire truck
things that are red,2023-06-19,ğŸ”µ,3,ruby
things that are red,2023-06-19,ğŸ”µ,4,stop sign
mattress sizes,2023-06-19,ğŸŸ¢,1,full
mattress sizes,2023-06-19,ğŸŸ¢,2,king
mattress sizes,2023-06-19,ğŸŸ¢,3,queen
mattress sizes,2023-06-19,ğŸŸ¢,4,twin
things with keys,2023-06-19,ğŸŸ£,1,cryptography
things with keys,2023-06-19,ğŸŸ£,2,florida
things with keys,2023-06-19,ğŸŸ£,3,locksmith
things with keys,2023-06-19,ğŸŸ£,4,piano
leg parts,2023-06-18,ğŸŸ¡,1,ankle
leg parts,2023-06-18,ğŸŸ¡,2,knee
leg parts,2023-06-18,ğŸŸ¡,3,shin
leg parts,2023-06-18,ğŸŸ¡,4,thigh
baby animals,2023-06-18,ğŸŸ¢,1,calf
baby animals,2023-06-18,ğŸŸ¢,2,cub
baby animals,2023-06-18,ğŸŸ¢,3,joey
baby animals,2023-06-18,ğŸŸ¢,4,kid
slang for toilet,2023-06-18,ğŸ”µ,1,can
slang for toilet,2023-06-18,ğŸ”µ,2,head
slang for toilet,2023-06-18,ğŸ”µ,3,john
slang for toilet,2023-06-18,ğŸ”µ,4,throne
___ fish that arenâ€™t fish,2023-06-18,ğŸŸ£,1,cray
___ fish that arenâ€™t fish,2023-06-18,ğŸŸ£,2,jelly
___ fish that arenâ€™t fish,2023-06-18,ğŸŸ£,3,silver
___ fish that arenâ€™t fish,2023-06-18,ğŸŸ£,4,star
monopoly squares,2023-06-17,ğŸŸ¡,1,boardwalk
monopoly squares,2023-06-17,ğŸŸ¡,2,chance
monopoly squares,2023-06-17,ğŸŸ¡,3,go
monopoly squares,2023-06-17,ğŸŸ¡,4,jail
shades of blue,2023-06-17,ğŸŸ¢,1,baby
shades of blue,2023-06-17,ğŸŸ¢,2,midnight
shades of blue,2023-06-17,ğŸŸ¢,3,powder
shades of blue,2023-06-17,ğŸŸ¢,4,royal
rappers,2023-06-17,ğŸ”µ,1,common
rappers,2023-06-17,ğŸ”µ,2,future
rappers,2023-06-17,ğŸ”µ,3,ice cube
rappers,2023-06-17,ğŸ”µ,4,q-tip
members of a septet,2023-06-17,ğŸŸ£,1,sea
members of a septet,2023-06-17,ğŸŸ£,2,sin
members of a septet,2023-06-17,ğŸŸ£,3,sister
members of a septet,2023-06-17,ğŸŸ£,4,wonder
streaming services,2023-06-16,ğŸŸ¡,1,hulu
streaming services,2023-06-16,ğŸŸ¡,2,netflix
streaming services,2023-06-16,ğŸŸ¡,3,peacock
streaming services,2023-06-16,ğŸŸ¡,4,prime
condiments,2023-06-16,ğŸŸ¢,1,ketchup
condiments,2023-06-16,ğŸŸ¢,2,mayo
condiments,2023-06-16,ğŸŸ¢,3,relish
condiments,2023-06-16,ğŸŸ¢,4,tartar
synonyms for sad,2023-06-16,ğŸ”µ,1,blue
synonyms for sad,2023-06-16,ğŸ”µ,2,down
synonyms for sad,2023-06-16,ğŸ”µ,3,glum
synonyms for sad,2023-06-16,ğŸ”µ,4,low
clue characters,2023-06-16,ğŸŸ£,1,green
clue characters,2023-06-16,ğŸŸ£,2,mustard
clue characters,2023-06-16,ğŸŸ£,3,plum
clue characters,2023-06-16,ğŸŸ£,4,scarlet
sneaker brands,2023-06-15,ğŸŸ¡,1,adidas
sneaker brands,2023-06-15,ğŸŸ¡,2,nike
sneaker brands,2023-06-15,ğŸŸ¡,3,puma
sneaker brands,2023-06-15,ğŸŸ¡,4,reebok
musicals beginning with â€œcâ€,2023-06-15,ğŸŸ¢,1,cabaret
musicals beginning with â€œcâ€,2023-06-15,ğŸŸ¢,2,carousel
musicals beginning with â€œcâ€,2023-06-15,ğŸŸ¢,3,cats
musicals beginning with â€œcâ€,2023-06-15,ğŸŸ¢,4,chicago
cleaning verbs,2023-06-15,ğŸ”µ,1,dust
cleaning verbs,2023-06-15,ğŸ”µ,2,mop
cleaning verbs,2023-06-15,ğŸ”µ,3,sweep
cleaning verbs,2023-06-15,ğŸ”µ,4,vacuum
___ man superheroes,2023-06-15,ğŸŸ£,1,bat
___ man superheroes,2023-06-15,ğŸŸ£,2,iron
___ man superheroes,2023-06-15,ğŸŸ£,3,spider
___ man superheroes,2023-06-15,ğŸŸ£,4,super
facial features,2023-06-14,ğŸŸ¡,1,cheek
facial features,2023-06-14,ğŸŸ¡,2,eye
facial features,2023-06-14,ğŸŸ¡,3,mouth
facial features,2023-06-14,ğŸŸ¡,4,nose
synonyms for eat,2023-06-14,ğŸŸ¢,1,chow
synonyms for eat,2023-06-14,ğŸŸ¢,2,gobble
synonyms for eat,2023-06-14,ğŸŸ¢,3,scarf
synonyms for eat,2023-06-14,ğŸŸ¢,4,wolf
"dog breeds, informally",2023-06-14,ğŸ”µ,1,lab
"dog breeds, informally",2023-06-14,ğŸ”µ,2,peke
"dog breeds, informally",2023-06-14,ğŸ”µ,3,pit
"dog breeds, informally",2023-06-14,ğŸ”µ,4,pom
members of a trio,2023-06-14,ğŸŸ£,1,amigo
members of a trio,2023-06-14,ğŸŸ£,2,king
members of a trio,2023-06-14,ğŸŸ£,3,stooge
members of a trio,2023-06-14,ğŸŸ£,4,tenor
footwear,2023-06-13,ğŸŸ¡,1,boot
footwear,2023-06-13,ğŸŸ¡,2,loafer
footwear,2023-06-13,ğŸŸ¡,3,pump
footwear,2023-06-13,ğŸŸ¡,4,sneaker
units of length,2023-06-13,ğŸŸ¢,1,foot
units of length,2023-06-13,ğŸŸ¢,2,league
units of length,2023-06-13,ğŸŸ¢,3,mile
units of length,2023-06-13,ğŸŸ¢,4,yard
magazines,2023-06-13,ğŸ”µ,1,essence
magazines,2023-06-13,ğŸ”µ,2,people
magazines,2023-06-13,ğŸ”µ,3,time
magazines,2023-06-13,ğŸ”µ,4,us
letter homophones,2023-06-13,ğŸŸ£,1,are
letter homophones,2023-06-13,ğŸŸ£,2,queue
letter homophones,2023-06-13,ğŸŸ£,3,sea
letter homophones,2023-06-13,ğŸŸ£,4,why
wet weather,2023-06-12,ğŸŸ¡,1,hair
wet weather,2023-06-12,ğŸŸ¡,2,rain
wet weather,2023-06-12,ğŸŸ¡,3,sleet
wet weather,2023-06-12,ğŸŸ¡,4,snow
nba teams,2023-06-12,ğŸŸ¢,1,bucks
nba teams,2023-06-12,ğŸŸ¢,2,heat
nba teams,2023-06-12,ğŸŸ¢,3,jazz
nba teams,2023-06-12,ğŸŸ¢,4,nets
keyboard keys,2023-06-12,ğŸ”µ,1,option
keyboard keys,2023-06-12,ğŸ”µ,2,return
keyboard keys,2023-06-12,ğŸ”µ,3,shift
keyboard keys,2023-06-12,ğŸ”µ,4,tab
palindromes,2023-06-12,ğŸŸ£,1,kayak
palindromes,2023-06-12,ğŸŸ£,2,level
palindromes,2023-06-12,ğŸŸ£,3,mom
palindromes,2023-06-12,ğŸŸ£,4,race car
